{"cameraMode":{"drawMode":0,"name":"Shaded","section":"Shading Mode"},"sceneLighting":false,"audioPlay":false,"sceneViewState":{"m_AlwaysRefresh":false,"showFog":true,"showSkybox":false,"showFlares":true,"showImageEffects":true,"showParticleSystems":true,"showVisualEffectGraphs":true,"m_FxEnabled":true},"in2DMode":false,"pivot":{"x":-2.7630960941314699,"y":3.709461212158203,"z":71.96759033203125},"rotation":{"x":-0.1864434778690338,"y":0.012765953317284584,"z":0.0010211054468527437,"w":0.9826138019561768},"size":4.844355583190918,"orthographic":false}