{"cameraMode":{"drawMode":0,"name":"Shaded","section":"Shading Mode"},"sceneLighting":false,"audioPlay":false,"sceneViewState":{"m_AlwaysRefresh":false,"showFog":true,"showSkybox":false,"showFlares":true,"showImageEffects":true,"showParticleSystems":true,"showVisualEffectGraphs":true,"m_FxEnabled":true},"in2DMode":false,"pivot":{"x":0.49601781368255618,"y":0.8999999761581421,"z":-0.018137812614440919},"rotation":{"x":0.07427267730236054,"y":-0.9228734970092773,"z":0.2279939204454422,"w":0.30210942029953005},"size":2.0457420349121095,"orthographic":false}