{"cameraMode":{"drawMode":0,"name":"Shaded","section":"Shading Mode"},"sceneLighting":false,"audioPlay":false,"sceneViewState":{"m_AlwaysRefresh":false,"showFog":true,"showSkybox":false,"showFlares":true,"showImageEffects":true,"showParticleSystems":true,"showVisualEffectGraphs":true,"m_FxEnabled":true},"in2DMode":false,"pivot":{"x":-4.7513604164123539,"y":2.122126817703247,"z":43.300575256347659},"rotation":{"x":-0.7683316469192505,"y":0.004421563353389502,"z":-0.005216566845774651,"w":-0.6403560042381287},"size":1.9591554403305054,"orthographic":false}