{"cameraMode":{"drawMode":0,"name":"Shaded","section":"Shading Mode"},"sceneLighting":false,"audioPlay":false,"sceneViewState":{"m_AlwaysRefresh":false,"showFog":true,"showSkybox":false,"showFlares":true,"showImageEffects":true,"showParticleSystems":true,"showVisualEffectGraphs":true,"m_FxEnabled":true},"in2DMode":false,"pivot":{"x":12.080132484436036,"y":-0.4451885223388672,"z":68.61036682128906},"rotation":{"x":-0.48741838335990908,"y":0.048670437186956409,"z":-0.027224771678447725,"w":-0.8713877201080322},"size":22.75171661376953,"orthographic":false}