{"cameraMode":{"drawMode":0,"name":"Shaded","section":"Shading Mode"},"sceneLighting":false,"audioPlay":false,"sceneViewState":{"m_AlwaysRefresh":false,"showFog":true,"showSkybox":false,"showFlares":true,"showImageEffects":true,"showParticleSystems":true,"showVisualEffectGraphs":true,"m_FxEnabled":true},"in2DMode":false,"pivot":{"x":0.4941369891166687,"y":-0.18502020835876466,"z":-1.7343530654907227},"rotation":{"x":-0.29981738328933718,"y":-0.013775593601167202,"z":0.004528953693807125,"w":-0.9540165066719055},"size":17.03470230102539,"orthographic":false}