{"cameraMode":{"drawMode":0,"name":"Shaded","section":"Shading Mode"},"sceneLighting":false,"audioPlay":false,"sceneViewState":{"m_AlwaysRefresh":false,"showFog":true,"showSkybox":false,"showFlares":true,"showImageEffects":true,"showParticleSystems":true,"showVisualEffectGraphs":true,"m_FxEnabled":true},"in2DMode":false,"pivot":{"x":-1.5299928188323975,"y":0.8170324563980103,"z":48.173675537109378},"rotation":{"x":0.10326314717531204,"y":-0.3922255337238312,"z":-0.044082388281822208,"w":-0.9131264090538025},"size":1.7767925262451172,"orthographic":false}