{"cameraMode":{"drawMode":0,"name":"Shaded","section":"Shading Mode"},"sceneLighting":false,"audioPlay":false,"sceneViewState":{"m_AlwaysRefresh":false,"showFog":true,"showSkybox":false,"showFlares":true,"showImageEffects":true,"showParticleSystems":true,"showVisualEffectGraphs":true,"m_FxEnabled":true},"in2DMode":false,"pivot":{"x":1.3034589290618897,"y":1.0640655755996705,"z":-14.422347068786621},"rotation":{"x":-0.015817470848560334,"y":-0.7469708919525147,"z":0.018049243837594987,"w":-0.6646094918251038},"size":1.8745465278625489,"orthographic":false}